-- Demo seed data for the sport project.
-- Target database: MySQL 8.x
-- Import after `python manage.py migrate`.
-- This script only resets the fixed demo IDs and usernames defined below,
-- so it is safer to re-run in a shared development database.

SET NAMES utf8mb4;
SET FOREIGN_KEY_CHECKS = 0;

START TRANSACTION;

-- Clean up token blacklist rows for the seeded users first.
DELETE b
FROM token_blacklist_blacklistedtoken AS b
INNER JOIN token_blacklist_outstandingtoken AS o ON b.token_id = o.id
WHERE o.user_id BETWEEN 101 AND 109;

DELETE FROM token_blacklist_outstandingtoken
WHERE user_id BETWEEN 101 AND 109;

-- Clean up child tables.
DELETE FROM recommendation_log WHERE id BETWEEN 101 AND 104;
DELETE FROM favorite WHERE id BETWEEN 101 AND 104;
DELETE FROM browse_history WHERE id BETWEEN 101 AND 105;
DELETE FROM cart_item WHERE id BETWEEN 101 AND 104;
DELETE FROM cart WHERE id BETWEEN 101 AND 103;
DELETE FROM payment WHERE id BETWEEN 101 AND 105;
DELETE FROM order_item WHERE id BETWEEN 101 AND 106;
DELETE FROM order_info WHERE id BETWEEN 101 AND 105;
DELETE FROM inventory_log WHERE id BETWEEN 101 AND 105;
DELETE FROM product_image WHERE id BETWEEN 101 AND 105;
DELETE FROM product WHERE id BETWEEN 101 AND 105;
DELETE FROM category WHERE id BETWEEN 101 AND 105;
DELETE FROM merchant_application WHERE id BETWEEN 101 AND 103;
DELETE FROM user_profile WHERE user_id BETWEEN 101 AND 109;
DELETE FROM auth_user WHERE id BETWEEN 101 AND 109;

-- All seeded accounts use password: 123456
-- Hash generated by Django in the `sport` conda environment.
INSERT INTO auth_user (
    id, password, last_login, is_superuser, username, first_name, last_name,
    email, is_staff, is_active, date_joined
) VALUES
    (101, 'pbkdf2_sha256$1000000$mmshViieOooESwZJSQpXc2$zq6r2/gm+615vUBzyn6jaMDksbp5m/8OgDp04UL95Ek=', NULL, 0, 'customer_chen', '', '', 'customer_chen@example.com', 0, 1, '2026-04-01 09:00:00'),
    (102, 'pbkdf2_sha256$1000000$mmshViieOooESwZJSQpXc2$zq6r2/gm+615vUBzyn6jaMDksbp5m/8OgDp04UL95Ek=', NULL, 0, 'customer_li', '', '', 'customer_li@example.com', 0, 1, '2026-04-01 09:05:00'),
    (103, 'pbkdf2_sha256$1000000$mmshViieOooESwZJSQpXc2$zq6r2/gm+615vUBzyn6jaMDksbp5m/8OgDp04UL95Ek=', NULL, 0, 'customer_wang', '', '', 'customer_wang@example.com', 0, 1, '2026-04-01 09:10:00'),
    (104, 'pbkdf2_sha256$1000000$mmshViieOooESwZJSQpXc2$zq6r2/gm+615vUBzyn6jaMDksbp5m/8OgDp04UL95Ek=', NULL, 0, 'merchant_power', '', '', 'merchant_power@example.com', 0, 1, '2026-04-01 09:15:00'),
    (105, 'pbkdf2_sha256$1000000$mmshViieOooESwZJSQpXc2$zq6r2/gm+615vUBzyn6jaMDksbp5m/8OgDp04UL95Ek=', NULL, 0, 'merchant_yoga', '', '', 'merchant_yoga@example.com', 0, 1, '2026-04-01 09:20:00'),
    (106, 'pbkdf2_sha256$1000000$mmshViieOooESwZJSQpXc2$zq6r2/gm+615vUBzyn6jaMDksbp5m/8OgDp04UL95Ek=', NULL, 0, 'merchant_outdoor', '', '', 'merchant_outdoor@example.com', 0, 1, '2026-04-01 09:25:00'),
    (107, 'pbkdf2_sha256$1000000$mmshViieOooESwZJSQpXc2$zq6r2/gm+615vUBzyn6jaMDksbp5m/8OgDp04UL95Ek=', NULL, 1, 'admin_ops', '', '', 'admin_ops@example.com', 1, 1, '2026-04-01 09:30:00'),
    (108, 'pbkdf2_sha256$1000000$mmshViieOooESwZJSQpXc2$zq6r2/gm+615vUBzyn6jaMDksbp5m/8OgDp04UL95Ek=', NULL, 1, 'admin_supply', '', '', 'admin_supply@example.com', 1, 1, '2026-04-01 09:35:00'),
    (109, 'pbkdf2_sha256$1000000$mmshViieOooESwZJSQpXc2$zq6r2/gm+615vUBzyn6jaMDksbp5m/8OgDp04UL95Ek=', NULL, 1, 'admin_super', '', '', 'admin_super@example.com', 1, 1, '2026-04-01 09:40:00');

INSERT INTO user_profile (
    id, user_id, role, nickname, phone, avatar, gender, birthday, address, created_at, updated_at
) VALUES
    (101, 101, 'customer', '晨跑阿陈', '13800000001', '', 'male', '1995-03-12', '上海市浦东新区世纪大道 101 号', '2026-04-01 09:00:00', '2026-04-01 09:00:00'),
    (102, 102, 'customer', '瑜伽小李', '13800000002', '', 'female', '1997-07-08', '杭州市西湖区文三路 202 号', '2026-04-01 09:05:00', '2026-04-01 09:05:00'),
    (103, 103, 'customer', '户外老王', '13800000003', '', 'male', '1992-11-21', '成都市高新区天府大道 303 号', '2026-04-01 09:10:00', '2026-04-01 09:10:00'),
    (104, 104, 'merchant', '铁力训练馆', '13900000001', '', 'male', '1989-01-17', '广州市天河区体育西路 18 号', '2026-04-01 09:15:00', '2026-04-01 09:15:00'),
    (105, 105, 'merchant', '柔韧瑜伽社', '13900000002', '', 'female', '1990-09-09', '苏州市工业园区星湖街 28 号', '2026-04-01 09:20:00', '2026-04-01 09:20:00'),
    (106, 106, 'merchant', '远行户外铺', '13900000003', '', 'male', '1988-05-06', '深圳市南山区科技园南路 88 号', '2026-04-01 09:25:00', '2026-04-01 09:25:00'),
    (107, 107, 'admin', '运营管理员', '13700000001', '', 'female', '1987-02-14', '北京市朝阳区建国路 66 号', '2026-04-01 09:30:00', '2026-04-01 09:30:00'),
    (108, 108, 'admin', '供应链管理员', '13700000002', '', 'male', '1986-08-19', '南京市建邺区江东中路 108 号', '2026-04-01 09:35:00', '2026-04-01 09:35:00'),
    (109, 109, 'admin', '超级管理员', '13700000003', '', 'male', '1985-12-01', '武汉市武昌区中北路 189 号', '2026-04-01 09:40:00', '2026-04-01 09:40:00');

INSERT INTO merchant_application (
    id, user_id, shop_name, contact_name, contact_phone, application_reason,
    status, review_remark, reviewed_by_id, reviewed_at, created_at, updated_at
) VALUES
    (101, 104, '铁力训练馆', '周强', '13900000001', '主营家庭力量训练器材与自由重量产品', 'approved', '资料完整，允许入驻', 107, '2026-04-02 10:00:00', '2026-04-01 10:00:00', '2026-04-02 10:00:00'),
    (102, 105, '柔韧瑜伽社', '林悦', '13900000002', '主营瑜伽、普拉提与轻健身用品', 'approved', '品牌定位明确，允许入驻', 107, '2026-04-02 10:10:00', '2026-04-01 10:10:00', '2026-04-02 10:10:00'),
    (103, 106, '远行户外铺', '高峰', '13900000003', '主营户外收纳、通勤与补水装备', 'approved', '商品方向与平台一致，允许入驻', 108, '2026-04-02 10:20:00', '2026-04-01 10:20:00', '2026-04-02 10:20:00');

INSERT INTO category (
    id, name, parent_id, sort_order, is_active, created_at, updated_at
) VALUES
    (101, '瑜伽健身', NULL, 1, 1, '2026-04-01 11:00:00', '2026-04-01 11:00:00'),
    (102, '力量训练', NULL, 2, 1, '2026-04-01 11:00:00', '2026-04-01 11:00:00'),
    (103, '运动补水', NULL, 3, 1, '2026-04-01 11:00:00', '2026-04-01 11:00:00'),
    (104, '通勤包袋', NULL, 4, 1, '2026-04-01 11:00:00', '2026-04-01 11:00:00'),
    (105, '户外出行', NULL, 5, 1, '2026-04-01 11:00:00', '2026-04-01 11:00:00');

-- Product image URLs use Alibaba CDN domains that are commonly accessible in mainland China.
INSERT INTO product (
    id, merchant_id, category_id, name, subtitle, brand, sku, price, market_price,
    stock, low_stock_warning, sales_count, description, main_image, status,
    is_recommend, created_at, updated_at
) VALUES
    (101, 105, 101, 'TPE 防滑瑜伽垫', '加厚加宽，适合初学者与居家训练', 'Aoyi Active', 'YOGA-MAT-001', 89.00, 129.00, 42, 8, 12, '采用 TPE 材质，防滑纹理设计，适合瑜伽、拉伸和核心训练。', 'http://img.alicdn.com/bao/uploaded/i1/2550819398/O1CN01p8St5P2JIKlTFENrZ_!!0-item_pic.jpg', 'on_sale', 1, '2026-04-03 09:00:00', '2026-04-20 10:00:00'),
    (102, 104, 102, '可拆卸哑铃套装', '家庭力量训练常用组合', 'Iron Forge', 'DUMBBELL-001', 258.00, 399.00, 18, 5, 9, '可拆卸组合设计，覆盖基础推举、深蹲、划船等多种训练场景。', 'https://img.alicdn.com/bao/uploaded/i3/2734758203/O1CN01fgeSyy2AT1hVp3BKk_!!2734758203.jpg', 'on_sale', 1, '2026-04-03 09:10:00', '2026-04-20 10:10:00'),
    (103, 106, 103, '运动保温水壶 650ml', '单手开盖，适合骑行与健身房补水', 'All Joint', 'BOTTLE-001', 59.00, 99.00, 66, 12, 27, '支持冷饮与常温饮用，密封性强，适合通勤、户外和训练场景。', 'https://img.alicdn.com/imgextra/i1/3923490129/O1CN01hqwDbR1Cp83wEiClB_!!3923490129.jpg', 'on_sale', 1, '2026-04-03 09:20:00', '2026-04-20 10:20:00'),
    (104, 106, 104, '防泼水运动托特包', '可装 14 寸笔电与小型训练用品', 'Qinglu', 'BAG-TOTE-001', 159.00, 219.00, 24, 6, 8, '轻量再生尼龙面料，适合通勤、健身房往返和短途出行。', 'https://img.alicdn.com/imgextra/i2/407889242/O1CN01TAJ2IA2I8tX0AGrCs_!!407889242.jpg', 'on_sale', 0, '2026-04-03 09:30:00', '2026-04-20 10:30:00'),
    (105, 106, 105, '大容量训练旅行包', '可作健身包或短途出行包', 'MyBrand Original', 'BAG-GYM-001', 199.00, 299.00, 16, 4, 6, '耐磨尼龙材质，大容量主仓设计，适合携带球鞋、换洗衣物和训练器材。', 'https://img.alicdn.com/imgextra/i4/1916349919/O1CN01nmuF1x2N8xPVZiTmF_!!1916349919.jpg', 'on_sale', 1, '2026-04-03 09:40:00', '2026-04-20 10:40:00');

INSERT INTO product_image (
    id, product_id, image_url, alt_text, sort_order, is_main, created_at
) VALUES
    (101, 101, 'http://img.alicdn.com/bao/uploaded/i1/2550819398/O1CN01p8St5P2JIKlTFENrZ_!!0-item_pic.jpg', '瑜伽垫主图', 1, 1, '2026-04-03 11:00:00'),
    (102, 102, 'https://img.alicdn.com/bao/uploaded/i3/2734758203/O1CN01fgeSyy2AT1hVp3BKk_!!2734758203.jpg', '哑铃套装主图', 1, 1, '2026-04-03 11:00:00'),
    (103, 103, 'https://img.alicdn.com/imgextra/i1/3923490129/O1CN01hqwDbR1Cp83wEiClB_!!3923490129.jpg', '运动水壶主图', 1, 1, '2026-04-03 11:00:00'),
    (104, 104, 'https://img.alicdn.com/imgextra/i2/407889242/O1CN01TAJ2IA2I8tX0AGrCs_!!407889242.jpg', '运动托特包主图', 1, 1, '2026-04-03 11:00:00'),
    (105, 105, 'https://img.alicdn.com/imgextra/i4/1916349919/O1CN01nmuF1x2N8xPVZiTmF_!!1916349919.jpg', '训练旅行包主图', 1, 1, '2026-04-03 11:00:00');

INSERT INTO inventory_log (
    id, product_id, change_type, change_quantity, before_stock, after_stock,
    remark, operator_id, created_at
) VALUES
    (101, 101, 'increase', 42, 0, 42, '初始化演示库存', 107, '2026-04-03 12:00:00'),
    (102, 102, 'increase', 18, 0, 18, '初始化演示库存', 107, '2026-04-03 12:05:00'),
    (103, 103, 'increase', 66, 0, 66, '初始化演示库存', 108, '2026-04-03 12:10:00'),
    (104, 104, 'increase', 24, 0, 24, '初始化演示库存', 108, '2026-04-03 12:15:00'),
    (105, 105, 'increase', 16, 0, 16, '初始化演示库存', 109, '2026-04-03 12:20:00');

INSERT INTO cart (
    id, user_id, created_at, updated_at
) VALUES
    (101, 101, '2026-04-04 08:00:00', '2026-04-20 08:00:00'),
    (102, 102, '2026-04-04 08:10:00', '2026-04-20 08:10:00'),
    (103, 103, '2026-04-04 08:20:00', '2026-04-20 08:20:00');

INSERT INTO cart_item (
    id, cart_id, product_id, quantity, checked, created_at, updated_at
) VALUES
    (101, 101, 102, 1, 1, '2026-04-20 08:00:00', '2026-04-20 08:00:00'),
    (102, 101, 103, 2, 1, '2026-04-20 08:05:00', '2026-04-20 08:05:00'),
    (103, 102, 101, 1, 1, '2026-04-20 08:10:00', '2026-04-20 08:10:00'),
    (104, 103, 105, 1, 0, '2026-04-20 08:15:00', '2026-04-20 08:15:00');

INSERT INTO browse_history (
    id, user_id, product_id, viewed_at
) VALUES
    (101, 101, 101, '2026-04-20 09:00:00'),
    (102, 101, 103, '2026-04-20 09:05:00'),
    (103, 102, 102, '2026-04-20 09:10:00'),
    (104, 103, 105, '2026-04-20 09:15:00'),
    (105, 103, 104, '2026-04-20 09:20:00');

INSERT INTO favorite (
    id, user_id, product_id, created_at
) VALUES
    (101, 101, 101, '2026-04-20 09:30:00'),
    (102, 101, 103, '2026-04-20 09:35:00'),
    (103, 102, 102, '2026-04-20 09:40:00'),
    (104, 103, 105, '2026-04-20 09:45:00');

INSERT INTO recommendation_log (
    id, user_id, product_id, source, score, remark, created_at
) VALUES
    (101, 101, 103, 'popular', 98.50, '热销补水商品，适合健身后随身携带', '2026-04-20 10:00:00'),
    (102, 101, 101, 'browse_related', 95.00, '根据瑜伽垫浏览记录推荐同类训练用品', '2026-04-20 10:05:00'),
    (103, 102, 102, 'manual', 93.20, '适合补充家庭力量训练组合', '2026-04-20 10:10:00'),
    (104, 103, 105, 'browse_related', 91.80, '户外与训练场景的高频搭配商品', '2026-04-20 10:15:00');

INSERT INTO order_info (
    id, order_no, user_id, status, total_amount, pay_amount, receiver_name,
    receiver_phone, receiver_address, remark, shipping_company, tracking_no,
    shipping_remark, paid_at, shipped_at, completed_at, created_at, updated_at
) VALUES
    (101, 'DEMO202604200001', 101, 'pending_payment', 89.00, 0.00, '陈晨', '13800000001', '上海市浦东新区世纪大道 101 号', '下班后送达前台', '', '', '', NULL, NULL, NULL, '2026-04-20 11:00:00', '2026-04-20 11:00:00'),
    (102, 'DEMO202604200002', 101, 'paid', 118.00, 118.00, '陈晨', '13800000001', '上海市浦东新区世纪大道 101 号', '请放置在驿站', '', '', '', '2026-04-20 11:20:00', NULL, NULL, '2026-04-20 11:10:00', '2026-04-20 11:20:00'),
    (103, 'DEMO202604200003', 102, 'shipped', 258.00, 258.00, '李悦', '13800000002', '杭州市西湖区文三路 202 号', '工作日白天可收货', '顺丰速运', 'SF100200300', '已从广州仓发出', '2026-04-20 12:10:00', '2026-04-20 13:00:00', NULL, '2026-04-20 12:00:00', '2026-04-20 13:00:00'),
    (104, 'DEMO202604200004', 102, 'completed', 358.00, 358.00, '李悦', '13800000002', '杭州市西湖区文三路 202 号', '周末送达即可', '京东物流', 'JD100200300', '签收后已确认收货', '2026-04-20 14:10:00', '2026-04-20 15:00:00', '2026-04-23 18:00:00', '2026-04-20 14:00:00', '2026-04-23 18:00:00'),
    (105, 'DEMO202604200005', 103, 'refunded', 159.00, 159.00, '王川', '13800000003', '成都市高新区天府大道 303 号', '颜色不合适申请退款', '圆通速递', 'YT100200300', '用户签收后发起退款', '2026-04-20 16:10:00', '2026-04-20 17:00:00', NULL, '2026-04-20 16:00:00', '2026-04-24 10:00:00');

INSERT INTO order_item (
    id, order_id, product_id, product_name, product_image, product_price,
    quantity, subtotal_amount, created_at
) VALUES
    (101, 101, 101, 'TPE 防滑瑜伽垫', 'http://img.alicdn.com/bao/uploaded/i1/2550819398/O1CN01p8St5P2JIKlTFENrZ_!!0-item_pic.jpg', 89.00, 1, 89.00, '2026-04-20 11:00:00'),
    (102, 102, 103, '运动保温水壶 650ml', 'https://img.alicdn.com/imgextra/i1/3923490129/O1CN01hqwDbR1Cp83wEiClB_!!3923490129.jpg', 59.00, 2, 118.00, '2026-04-20 11:10:00'),
    (103, 103, 102, '可拆卸哑铃套装', 'https://img.alicdn.com/bao/uploaded/i3/2734758203/O1CN01fgeSyy2AT1hVp3BKk_!!2734758203.jpg', 258.00, 1, 258.00, '2026-04-20 12:00:00'),
    (104, 104, 105, '大容量训练旅行包', 'https://img.alicdn.com/imgextra/i4/1916349919/O1CN01nmuF1x2N8xPVZiTmF_!!1916349919.jpg', 199.00, 1, 199.00, '2026-04-20 14:00:00'),
    (105, 104, 104, '防泼水运动托特包', 'https://img.alicdn.com/imgextra/i2/407889242/O1CN01TAJ2IA2I8tX0AGrCs_!!407889242.jpg', 159.00, 1, 159.00, '2026-04-20 14:00:00'),
    (106, 105, 104, '防泼水运动托特包', 'https://img.alicdn.com/imgextra/i2/407889242/O1CN01TAJ2IA2I8tX0AGrCs_!!407889242.jpg', 159.00, 1, 159.00, '2026-04-20 16:00:00');

INSERT INTO payment (
    id, payment_no, order_id, user_id, method, status, amount,
    third_party_trade_no, paid_at, remark, created_at, updated_at
) VALUES
    (101, 'PAY202604200001', 101, 101, 'mock', 'unpaid', 89.00, '', NULL, '待支付示例订单', '2026-04-20 11:00:00', '2026-04-20 11:00:00'),
    (102, 'PAY202604200002', 102, 101, 'mock', 'success', 118.00, 'MOCK-TRADE-200002', '2026-04-20 11:20:00', '模拟支付成功', '2026-04-20 11:10:00', '2026-04-20 11:20:00'),
    (103, 'PAY202604200003', 103, 102, 'wechat', 'success', 258.00, 'WX-TRADE-200003', '2026-04-20 12:10:00', '微信支付成功', '2026-04-20 12:00:00', '2026-04-20 12:10:00'),
    (104, 'PAY202604200004', 104, 102, 'alipay', 'success', 358.00, 'ALI-TRADE-200004', '2026-04-20 14:10:00', '支付宝支付成功', '2026-04-20 14:00:00', '2026-04-20 14:10:00'),
    (105, 'PAY202604200005', 105, 103, 'mock', 'refunded', 159.00, 'MOCK-TRADE-200005', '2026-04-20 16:10:00', '已按原路退款', '2026-04-20 16:00:00', '2026-04-24 10:00:00');

COMMIT;

SET FOREIGN_KEY_CHECKS = 1;
